{
  "project_info": {
    "project_number": "964687674643",
    "project_id": "inclass10-61e88",
    "storage_bucket": "inclass10-61e88.appspot.com"
  },
  "client": [
    {
      "client_info": {
        "mobilesdk_app_id": "1:964687674643:android:ce1ddcb0cf5f395cb1aee6",
        "android_client_info": {
          "package_name": "edu.uncc.inclass10"
        }
      },
      "oauth_client": [
        {
          "client_id": "964687674643-pgengv75v3tupe40or4b5opju0936v9p.apps.googleusercontent.com",
          "client_type": 3
        }
      ],
      "api_key": [
        {
          "current_key": "AIzaSyD9PFAnXV-CgA9H3_Iny6kYQSouGM9ZxBU"
        }
      ],
      "services": {
        "appinvite_service": {
          "other_platform_oauth_client": [
            {
              "client_id": "964687674643-pgengv75v3tupe40or4b5opju0936v9p.apps.googleusercontent.com",
              "client_type": 3
            }
          ]
        }
      }
    }
  ],
  "configuration_version": "1"
}